<xml xmlns:s='uuid:BDC6E3F0-6DA3-11d1-A2A3-00AA00C14882' xmlns:dt='uuid:C2F41010-65B3-11d1-A29F-00AA00C14882' xmlns:rs='urn:schemas-microsoft-com:rowset' xmlns:z='#RowsetSchema'>
<s:Schema id='RowsetSchema'>
	<s:ElementType name='row' content='eltOnly' rs:CommandTimeout='30'>
			<s:AttributeType name='NoTransInv' rs:number='1' rs:writeunknown='true'>
					<s:datatype dt:type='string' rs:dbtype='str' dt:maxLength='100' rs:maybenull='false'/>
			</s:AttributeType>
			<s:AttributeType name='KdBarang' rs:number='2' rs:nullable='true' rs:writeunknown='true'>
					<s:datatype dt:type='string' rs:dbtype='str' dt:maxLength='50'/>
			</s:AttributeType>
			<s:AttributeType name='IdTransPos' rs:number='3'>
					<s:datatype dt:type='int' dt:maxLength='4' rs:precision='10' rs:fixedlength='true' rs:maybenull='false'/>
			</s:AttributeType>
			<s:AttributeType name='Qty' rs:number='4' rs:nullable='true' rs:writeunknown='true'>
					<s:datatype dt:type='float' dt:maxLength='8' rs:precision='15' rs:fixedlength='true'/>
			</s:AttributeType>
			<s:AttributeType name='TglTrans' rs:number='5' rs:nullable='true' rs:writeunknown='true'>
					<s:datatype dt:type='dateTime' rs:dbtype='timestamp' dt:maxLength='16' rs:scale='3' rs:precision='23' rs:fixedlength='true'/>
			</s:AttributeType>
			<s:AttributeType name='IDOutlet' rs:number='6' rs:nullable='true' rs:writeunknown='true'>
					<s:datatype dt:type='string' rs:dbtype='str' dt:maxLength='25'/>
			</s:AttributeType>
			<s:AttributeType name='NamaBarang' rs:number='7' rs:nullable='true' rs:writeunknown='true'>
					<s:datatype dt:type='string' rs:dbtype='str' dt:maxLength='200'/>
			</s:AttributeType>
			<s:AttributeType name='HPJ' rs:number='8' rs:nullable='true' rs:writeunknown='true'>
					<s:datatype dt:type='number' rs:dbtype='currency' dt:maxLength='8' rs:precision='19' rs:fixedlength='true'/>
			</s:AttributeType>
			<s:AttributeType name='TglMasuk' rs:number='9' rs:nullable='true' rs:writeunknown='true'>
					<s:datatype dt:type='dateTime' rs:dbtype='timestamp' dt:maxLength='16' rs:scale='3' rs:precision='23' rs:fixedlength='true'/>
			</s:AttributeType>
			<s:AttributeType name='PropShafShafira' rs:number='10' rs:nullable='true' rs:writeunknown='true'>
					<s:datatype dt:type='string' rs:dbtype='str' dt:maxLength='1'/>
			</s:AttributeType>
			<s:AttributeType name='PropOBNormal' rs:number='11' rs:nullable='true' rs:writeunknown='true'>
					<s:datatype dt:type='string' rs:dbtype='str' dt:maxLength='1'/>
			</s:AttributeType>
			<s:AttributeType name='StsBarang' rs:number='12'>
					<s:datatype dt:type='int' dt:maxLength='4' rs:precision='10' rs:fixedlength='true' rs:maybenull='false'/>
			</s:AttributeType>
			<s:AttributeType name='HrgSP' rs:number='13'>
					<s:datatype dt:type='int' dt:maxLength='4' rs:precision='10' rs:fixedlength='true' rs:maybenull='false'/>
			</s:AttributeType>
			<s:AttributeType name='HPP' rs:number='14'>
					<s:datatype dt:type='int' dt:maxLength='4' rs:precision='10' rs:fixedlength='true' rs:maybenull='false'/>
			</s:AttributeType>
			<s:AttributeType name='UpdateBy' rs:number='15'>
					<s:datatype dt:type='string' rs:dbtype='str' dt:maxLength='5' rs:maybenull='false'/>
			</s:AttributeType>
			<s:AttributeType name='brand' rs:number='16' rs:nullable='true' rs:writeunknown='true'>
					<s:datatype dt:type='string' rs:dbtype='str' dt:maxLength='1'/>
			</s:AttributeType>
			<s:AttributeType name='ProdukId' rs:number='17' rs:nullable='true' rs:writeunknown='true'>
					<s:datatype dt:type='integer'/>
			</s:AttributeType>
			<s:AttributeType name='IdOrgAsal' rs:number='18' rs:nullable='true' rs:writeunknown='true'>
					<s:datatype dt:type='integer'/>
			</s:AttributeType>
			<s:AttributeType name='LocatorId' rs:number='19' rs:nullable='true' rs:writeunknown='true'>
					<s:datatype dt:type='integer'/>
			</s:AttributeType>
			<s:AttributeType name='DocumentNote' rs:number='20' rs:nullable='true' rs:writeunknown='true'>
					<s:datatype dt:type='string' rs:dbtype='str' dt:maxLength='2000'/>
			</s:AttributeType>
			<s:extends type='rs:rowbase'/>
	</s:ElementType>
</s:Schema>
	<rs:data>
<z:row NoTransInv='2.BTA.15.12.2014001' KdBarang='EGB2.X1.0008XH' IdTransPos='1' Qty='1' TglTrans='2014-12-14 23:00:00' IDOutlet='G07' NamaBarang='Layered Front Shirt' HPJ='299000.00' TglMasuk='2014-12-14 22:00:00' PropShafShafira='0' PropOBNormal='0' StsBarang='0' HrgSP='0' HPP='0' UpdateBy='PUSAT' brand='E' ProdukId='1092990' IdOrgAsal='1000034' LocatorId='1000045' DocumentNote='catatan produk' />	</rs:data>
</xml>
